583992.812,-325789.562,497140.375,440117.500,416572.438,750000.062,54732.449,474847.812,0.044,0.982,-0.037,0.000,0.000,0.000,73.333,1.000,1.000
216306.422,-750000.125,688419.438,111695.516,152409.750,592901.938,-294530.375,132493.375,0.038,0.996,-0.048,0.000,0.000,0.000,73.333,2.000,1.000
203760.125,-750000.125,196193.703,201854.234,123254.406,695646.062,-191652.719,319511.312,0.034,0.999,-0.050,0.000,0.000,0.000,73.333,3.000,1.000
150493.312,-750000.125,-399125.375,416883.469,72158.766,750000.062,127247.328,504727.281,0.032,0.998,-0.051,0.000,0.000,0.000,73.333,4.000,1.000
215660.016,-750000.125,-649511.312,539403.875,-325262.344,703036.688,389193.875,590353.875,0.031,0.996,-0.049,0.000,0.000,0.000,73.333,5.000,1.000
355158.781,-103770.664,-142466.188,621143.938,-130066.234,686398.312,413978.750,623730.938,0.033,0.991,-0.053,8.392,-7.690,-6.165,73.333,6.000,1.000
673712.125,572220.875,704192.812,746414.750,715596.688,750000.062,490204.719,730249.125,0.036,0.989,-0.055,4.974,-4.089,-2.960,73.333,7.000,1.000
639401.438,641129.875,750000.062,750000.062,750000.062,750000.062,711228.188,750000.062,0.040,0.988,-0.062,1.801,-1.404,-0.854,73.333,8.000,1.000
658989.438,607831.125,727864.750,750000.062,750000.062,750000.062,750000.062,750000.062,0.041,0.988,-0.060,0.702,-0.214,0.122,73.333,9.000,1.000
667414.812,632022.875,641351.625,750000.062,750000.062,750000.062,750000.062,750000.062,0.043,0.992,-0.060,0.519,0.275,0.458,73.333,10.000,1.000
750000.062,750000.062,750000.062,750000.062,748777.562,750000.062,750000.062,750000.062,0.047,0.992,-0.061,0.519,0.519,0.702,73.333,11.000,1.000
750000.062,750000.062,750000.062,750000.062,750000.062,750000.062,750000.062,750000.062,0.046,0.995,-0.061,0.488,0.671,0.977,73.333,12.000,1.000
750000.062,750000.062,750000.062,750000.062,750000.062,750000.062,750000.062,750000.062,0.044,0.998,-0.060,0.610,0.885,1.190,73.333,13.000,1.000
750000.062,750000.062,750000.062,750000.062,750000.062,750000.062,750000.062,750000.062,0.038,0.997,-0.059,0.488,0.885,1.434,73.333,14.000,1.000
750000.062,750000.062,750000.062,750000.062,750000.062,750000.062,750000.062,750000.062,0.032,0.995,-0.057,0.458,0.916,1.526,73.333,15.000,1.000
750000.062,750000.062,750000.062,750000.062,750000.062,750000.062,750000.062,750000.062,0.028,0.994,-0.058,0.488,0.854,1.434,73.333,16.000,1.000
750000.062,750000.062,750000.062,750000.062,750000.062,750000.062,750000.062,750000.062,0.026,0.994,-0.057,0.519,0.671,1.373,73.333,17.000,1.000
750000.062,750000.062,750000.062,750000.062,750000.062,750000.062,750000.062,750000.062,0.023,0.999,-0.058,0.488,0.458,1.160,73.333,18.000,1.000
750000.062,750000.062,750000.062,750000.062,750000.062,720856.938,750000.062,750000.062,0.023,0.999,-0.060,0.427,0.153,0.977,73.333,19.000,1.000
750000.062,750000.062,750000.062,750000.062,750000.062,681002.000,750000.062,750000.062,0.027,1.000,-0.057,0.427,0.000,0.854,73.333,20.000,1.000
750000.062,750000.062,750000.062,750000.062,750000.062,657669.250,750000.062,750000.062,0.031,0.999,-0.060,0.336,-0.336,0.763,73.333,21.000,1.000
750000.062,750000.062,750000.062,750000.062,750000.062,636799.375,750000.062,750000.062,0.033,0.996,-0.062,0.244,-0.458,0.763,73.333,22.000,1.000
750000.062,750000.062,750000.062,750000.062,750000.062,617373.625,750000.062,750000.062,0.034,0.996,-0.064,0.214,-0.519,0.824,73.333,23.000,1.000
750000.062,750000.062,750000.062,750000.062,750000.062,599031.938,750000.062,750000.062,0.036,0.995,-0.061,0.214,-0.458,0.763,73.333,24.000,1.000
750000.062,750000.062,750000.062,750000.062,750000.062,582193.562,750000.062,750000.062,0.037,0.995,-0.060,0.153,-0.580,0.885,73.333,25.000,1.000
750000.062,750000.062,750000.062,750000.062,750000.062,567154.188,750000.062,750000.062,0.038,0.992,-0.060,0.153,-0.641,0.824,73.333,26.000,1.000
750000.062,750000.062,750000.062,750000.062,750000.062,553521.125,750000.062,750000.062,0.039,0.992,-0.060,0.183,-0.549,0.916,73.333,27.000,1.000
750000.062,750000.062,750000.062,750000.062,750000.062,540620.125,750000.062,750000.062,0.042,0.994,-0.062,0.244,-0.519,0.977,73.333,28.000,1.000
750000.062,750000.062,750000.062,750000.062,750000.062,528174.625,750000.062,750000.062,0.043,0.994,-0.064,0.244,-0.397,1.099,73.333,29.000,1.000
750000.062,750000.062,750000.062,750000.062,750000.062,516606.312,750000.062,750000.062,0.044,0.992,-0.062,0.305,-0.427,1.221,73.333,30.000,1.000
750000.062,750000.062,750000.062,750000.062,750000.062,506270.250,750000.062,750000.062,0.041,0.994,-0.061,0.397,-0.244,1.404,73.333,31.000,1.000
750000.062,750000.062,750000.062,750000.062,750000.062,496901.125,750000.062,750000.062,0.041,0.994,-0.057,0.397,-0.214,1.373,73.333,32.000,1.000
750000.062,750000.062,750000.062,750000.062,750000.062,487890.594,750000.062,750000.062,0.039,0.994,-0.057,0.366,-0.092,1.434,73.333,33.000,1.000
750000.062,750000.062,750000.062,750000.062,750000.062,479017.219,750000.062,750000.062,0.037,0.993,-0.055,0.305,-0.183,1.465,73.333,34.000,1.000
750000.062,750000.062,750000.062,750000.062,750000.062,470714.625,739248.562,750000.062,0.038,0.993,-0.059,0.275,-0.183,1.556,73.333,35.000,1.000
750000.062,750000.062,750000.062,750000.062,750000.062,463332.094,722974.625,750000.062,0.035,0.993,-0.058,0.244,-0.153,1.587,73.333,36.000,1.000
750000.062,750000.062,750000.062,750000.062,750000.062,456645.625,708058.312,750000.062,0.034,0.992,-0.058,0.122,-0.214,1.556,73.333,37.000,1.000
750000.062,750000.062,750000.062,750000.062,750000.062,450124.281,693709.938,750000.062,0.034,0.994,-0.061,0.122,-0.183,1.495,73.333,38.000,1.000
750000.062,750000.062,750000.062,750000.062,750000.062,443578.000,679509.250,742392.125,0.034,0.994,-0.058,0.183,-0.244,1.465,73.333,39.000,1.000
750000.062,750000.062,750000.062,750000.062,750000.062,437406.938,665933.062,728299.688,0.036,0.995,-0.057,0.122,-0.244,1.373,73.333,40.000,1.000
750000.062,750000.062,750000.062,750000.062,750000.062,431968.312,653583.750,715326.375,0.034,0.995,-0.057,0.000,-0.305,1.373,73.333,41.000,1.000
750000.062,750000.062,750000.062,750000.062,750000.062,427076.219,642306.750,703117.188,0.035,0.992,-0.057,-0.031,-0.336,1.251,73.333,42.000,1.000
750000.062,750000.062,750000.062,750000.062,750000.062,422241.562,631382.812,691222.625,0.035,0.991,-0.059,-0.214,-0.488,1.312,73.333,43.000,1.000
750000.062,750000.062,750000.062,750000.062,750000.062,417265.594,620387.250,679593.750,0.034,0.995,-0.062,-0.214,-0.488,1.312,73.333,44.000,1.000
750000.062,750000.062,750000.062,750000.062,750000.062,412549.562,609791.188,668646.500,0.034,0.995,-0.062,-0.183,-0.488,1.343,73.333,45.000,1.000
750000.062,750000.062,750000.062,750000.062,750000.062,408456.781,600206.312,658611.250,0.034,0.994,-0.060,-0.153,-0.458,1.343,73.333,46.000,1.000
750000.062,750000.062,750000.062,750000.062,750000.062,404806.219,591501.750,649151.938,0.035,0.996,-0.059,-0.244,-0.488,1.251,73.333,47.000,1.000
750000.062,750000.062,750000.062,750000.062,750000.062,401146.688,583003.188,639848.062,0.037,0.995,-0.057,-0.244,-0.519,1.221,73.333,48.000,1.000
750000.062,750000.062,750000.062,750000.062,750000.062,397292.719,574311.312,630667.125,0.037,0.995,-0.059,-0.336,-0.610,1.251,73.333,49.000,1.000
750000.062,750000.062,750000.062,750000.062,750000.062,393613.875,565871.438,622010.125,0.038,0.997,-0.057,-0.427,-0.580,1.282,73.333,50.000,1.000
750000.062,750000.062,750000.062,750000.062,750000.062,390466.031,558275.438,614096.625,0.039,0.996,-0.061,-0.488,-0.519,1.404,73.333,51.000,1.000
750000.062,750000.062,750000.062,750000.062,750000.062,387713.656,551439.625,606646.875,0.040,0.997,-0.063,-0.397,-0.458,1.404,73.333,52.000,1.000
750000.062,750000.062,750000.062,750000.062,750000.062,384912.250,544723.562,599256.812,0.041,0.998,-0.063,-0.458,-0.427,1.404,73.333,53.000,1.000
750000.062,750000.062,750000.062,750000.062,750000.062,381870.000,537728.875,591881.125,0.040,0.999,-0.059,-0.366,-0.244,1.404,73.333,54.000,1.000
750000.062,750000.062,750000.062,750000.062,750000.062,378955.781,530887.375,584919.188,0.040,0.998,-0.059,-0.458,-0.244,1.495,73.333,55.000,1.000
750000.062,750000.062,750000.062,750000.062,750000.062,376515.875,524780.875,578596.688,0.039,1.000,-0.060,-0.580,-0.214,1.465,73.333,56.000,1.000
750000.062,750000.062,750000.062,750000.062,750000.062,374424.625,519347.469,572655.625,0.038,1.000,-0.057,-0.702,-0.183,1.404,73.333,57.000,1.000
750000.062,750000.062,750000.062,750000.062,750000.062,372252.125,513963.906,566695.625,0.037,1.001,-0.059,-0.793,-0.305,1.434,73.333,58.000,1.000
750000.062,750000.062,750000.062,750000.062,750000.062,369825.000,508257.594,560691.375,0.038,1.001,-0.055,-0.946,-0.183,1.526,73.333,59.000,1.000
750000.062,750000.062,750000.062,750000.062,750000.062,367478.875,502631.219,555021.188,0.036,0.999,-0.057,-0.977,-0.153,1.526,73.333,60.000,1.000
750000.062,750000.062,750000.062,750000.062,750000.062,365572.531,497670.094,549920.812,0.037,1.000,-0.055,-0.977,-0.183,1.556,73.333,61.000,1.000
750000.062,750000.062,750000.062,750000.062,750000.062,363985.125,493313.562,545135.562,0.037,1.000,-0.055,-0.916,-0.275,1.465,73.333,62.000,1.000
750000.062,750000.062,750000.062,750000.062,750000.062,362298.469,488963.750,540282.438,0.034,0.999,-0.058,-1.068,-0.305,1.465,73.333,63.000,1.000
750000.062,750000.062,750000.062,750000.062,750000.062,360332.406,484248.250,535329.562,0.035,0.999,-0.057,-1.160,-0.366,1.404,73.333,64.000,1.000
750000.062,747917.312,750000.062,750000.062,750000.062,358420.781,479556.000,530652.812,0.035,0.999,-0.053,-1.251,-0.366,1.465,73.333,65.000,1.000
750000.062,742057.000,750000.062,750000.062,750000.062,356912.125,475464.812,526488.938,0.034,0.999,-0.055,-1.404,-0.488,1.526,73.333,66.000,1.000
750000.062,736919.438,750000.062,750000.062,750000.062,355699.406,471926.344,522591.781,0.034,1.001,-0.055,-1.495,-0.427,1.495,73.333,67.000,1.000
750000.062,731877.062,750000.062,750000.062,750000.062,354381.469,468375.812,518599.938,0.034,1.001,-0.056,-1.587,-0.641,1.556,73.333,68.000,1.000
750000.062,726441.625,750000.062,750000.062,750000.062,352765.344,464424.375,514462.438,0.034,1.000,-0.055,-1.587,-0.549,1.495,73.333,69.000,1.000
750000.062,721087.250,750000.062,750000.062,750000.062,351173.562,460441.750,510541.750,0.034,1.000,-0.054,-1.587,-0.519,1.495,73.333,70.000,1.000
750000.062,716422.500,750000.062,750000.062,750000.062,349961.094,457016.219,507091.469,0.034,0.999,-0.055,-1.587,-0.641,1.404,73.333,71.000,1.000
748491.500,712414.500,749198.062,749221.812,748866.188,349032.688,454119.875,503883.969,0.034,1.000,-0.055,-1.678,-0.732,1.495,73.333,72.000,1.000
746579.562,708454.250,747289.375,747313.000,746958.500,348000.688,451198.594,500563.938,0.036,0.997,-0.053,-1.617,-0.702,1.465,73.333,73.000,1.000
744692.062,704031.188,745405.875,745429.125,745075.438,346664.406,447855.125,497068.406,0.035,0.996,-0.054,-1.587,-0.763,1.434,73.333,74.000,1.000
742895.875,699488.938,743614.312,743637.125,743284.062,345341.094,444459.375,493766.250,0.034,0.998,-0.054,-1.617,-0.885,1.526,73.333,75.000,1.000
741242.562,695495.938,741965.625,741988.375,741636.000,344381.750,441588.062,490907.094,0.032,0.997,-0.055,-1.556,-0.977,1.556,73.333,76.000,1.000
739692.062,692139.750,740418.625,740441.000,740089.438,343693.938,439220.125,488266.906,0.033,0.997,-0.054,-1.526,-0.977,1.556,73.333,77.000,1.000
738166.188,688812.562,738896.312,738918.688,738567.812,342886.500,436797.000,485481.969,0.035,0.997,-0.050,-1.373,-0.977,1.495,73.333,78.000,1.000
736651.062,685012.875,737385.500,737408.688,737058.312,341774.094,433949.031,482513.469,0.036,0.996,-0.050,-1.526,-0.946,1.587,73.333,79.000,1.000
735215.312,681066.438,735955.375,735978.688,735628.312,340666.188,431033.375,479717.000,0.036,0.997,-0.051,-1.587,-0.946,1.495,73.333,80.000,1.000
733900.000,677641.438,734645.438,734667.875,734318.688,339893.781,428596.406,477323.656,0.035,0.995,-0.052,-1.526,-1.160,1.556,73.333,81.000,1.000
732667.688,674818.625,733416.938,733439.375,733090.312,339378.625,426635.531,475126.750,0.036,0.995,-0.053,-1.404,-1.129,1.648,73.333,82.000,1.000
731451.062,672016.375,732204.375,732226.625,731877.938,338752.156,424625.406,472786.625,0.037,0.995,-0.055,-1.465,-1.129,1.617,73.333,83.000,1.000
730236.000,668744.625,730994.875,731016.812,730668.625,337824.625,422190.406,470252.219,0.033,0.995,-0.053,-1.373,-1.129,1.678,73.333,84.000,1.000
729080.250,665296.062,729845.625,729868.062,729519.688,336872.188,419646.344,467850.719,0.035,0.997,-0.053,-1.312,-1.160,1.617,73.333,85.000,1.000
728033.250,662334.438,728804.062,728826.375,728478.812,336252.406,417564.219,465839.438,0.036,0.996,-0.053,-1.221,-1.068,1.617,73.333,86.000,1.000
727059.250,659953.188,727834.250,727856.688,727509.625,335889.781,415949.000,464016.969,0.036,0.995,-0.052,-1.160,-1.099,1.678,73.333,87.000,1.000
726087.438,657583.000,726867.438,726889.750,726542.750,335405.469,414272.625,462029.438,0.035,0.998,-0.052,-1.129,-1.160,1.678,73.333,88.000,1.000
725103.438,654731.250,725890.750,725913.250,725566.562,334608.219,412153.594,459823.500,0.035,0.996,-0.049,-1.038,-1.160,1.709,73.333,89.000,1.000
724167.438,651675.938,724963.312,724985.500,724638.750,333779.344,409909.656,457735.594,0.035,0.998,-0.050,-0.854,-1.160,1.709,73.333,90.000,1.000
723331.375,649089.938,724135.125,724156.750,723810.312,333273.906,408110.781,456028.625,0.035,0.998,-0.051,-0.885,-1.221,1.770,73.333,91.000,1.000
722564.250,647084.938,723374.188,723396.000,723049.812,333030.625,406776.812,454509.250,0.036,0.999,-0.049,-0.824,-1.251,1.678,73.333,92.000,1.000
721788.562,645083.000,722606.250,722628.625,722282.375,332668.906,405378.219,452815.594,0.037,0.998,-0.050,-0.824,-1.282,1.892,73.333,93.000,1.000
720949.125,642563.250,721812.000,721834.312,721488.312,331977.438,403517.125,450880.844,0.035,0.997,-0.051,-0.763,-1.221,1.770,73.333,94.000,1.000
719404.312,639832.125,721060.062,721081.875,720735.500,331248.312,401524.062,449054.875,0.035,0.996,-0.048,-0.732,-1.190,1.831,73.333,95.000,1.000
716753.500,637569.125,720404.188,720425.750,720078.625,330845.875,399970.719,447606.125,0.036,0.999,-0.050,-0.763,-1.251,1.740,73.333,96.000,1.000
714305.562,635848.625,719801.375,719823.125,719475.500,330683.719,398856.250,446322.875,0.035,0.997,-0.049,-0.793,-1.343,1.709,73.333,97.000,1.000
711797.062,634130.562,719188.250,719209.688,718862.000,330404.562,397676.812,444860.812,0.036,0.996,-0.048,-0.641,-1.251,1.617,73.333,98.000,1.000
708694.250,631918.875,718547.375,718568.938,718221.062,329812.875,396048.688,443163.688,0.039,0.997,-0.052,-0.488,-1.282,1.617,73.333,99.000,1.000
705419.062,629468.500,717939.938,717961.875,717613.875,329169.969,394262.781,441556.844,0.040,0.999,-0.049,-0.458,-1.221,1.648,73.333,100.000,1.000
702758.438,627434.875,717413.438,717435.625,717087.688,328827.000,392886.031,440300.156,0.039,0.997,-0.052,-0.488,-1.160,1.648,73.333,101.000,1.000
700780.875,625959.938,716941.562,716963.375,716615.812,328737.656,391959.500,439217.781,0.041,0.997,-0.052,-0.427,-1.068,1.617,73.333,102.000,1.000
698749.438,624499.625,716453.562,716475.750,716128.312,328536.062,390972.188,437957.594,0.041,0.996,-0.052,-0.305,-1.007,1.709,73.333,103.000,1.000
696060.250,622528.188,715932.688,715954.500,715607.312,328011.969,389526.906,436449.312,0.040,0.994,-0.050,-0.305,-0.885,1.678,73.333,104.000,1.000
693106.688,620306.000,715438.625,715460.125,715113.500,327434.750,387915.781,435021.125,0.040,0.992,-0.051,-0.214,-0.854,1.740,73.333,105.000,1.000
690725.188,618501.312,715025.750,715047.250,714700.750,327162.219,386713.375,433948.781,0.043,0.992,-0.050,-0.122,-0.763,1.770,73.333,106.000,1.000
688988.438,617237.125,714659.125,714680.500,714333.688,327134.875,385949.812,433040.312,0.043,0.992,-0.053,-0.061,-0.580,1.831,73.333,107.000,1.000
687129.375,615957.938,714269.000,714290.625,713943.562,326984.500,385111.906,431936.656,0.041,0.991,-0.050,0.061,-0.458,1.801,73.333,108.000,1.000
684800.188,614147.812,713834.750,713856.438,713510.562,326503.125,383800.750,430564.719,0.040,0.993,-0.051,0.153,-0.488,1.831,73.333,109.000,1.000
682270.312,612072.688,713426.688,713448.375,713103.000,325970.344,382323.750,429272.781,0.042,0.994,-0.049,0.122,-0.397,1.892,73.333,110.000,1.000
680281.875,610403.438,713096.750,713118.125,712773.000,325739.938,381245.938,428330.156,0.042,0.996,-0.051,0.153,-0.336,1.892,73.333,111.000,1.000
678941.500,609281.375,712809.750,712831.438,712486.312,325758.719,380604.438,427552.938,0.043,0.996,-0.049,0.153,-0.122,1.862,73.333,112.000,1.000
677546.562,608182.562,712498.625,712520.375,712175.688,325667.719,379908.875,426597.719,0.041,0.996,-0.052,0.092,-0.031,1.862,73.333,113.000,1.000
675470.938,606564.938,712148.625,712170.312,711825.688,325253.031,378751.938,425382.156,0.040,0.995,-0.052,0.092,0.000,1.862,73.333,114.000,1.000
673080.625,604664.625,711814.688,711836.375,711491.750,324763.812,377401.719,424223.000,0.041,0.998,-0.054,0.092,0.061,1.862,73.333,115.000,1.000
671220.562,603154.688,711552.875,711574.500,711230.062,324569.062,376435.500,423403.219,0.042,1.000,-0.054,0.122,0.183,1.801,73.333,116.000,1.000
670007.062,602182.250,711334.562,711356.438,711012.250,324627.812,375905.750,422747.781,0.042,1.001,-0.054,0.122,0.366,1.862,73.333,117.000,1.000
668747.250,601233.250,711091.375,711112.938,710768.625,324580.781,375327.562,421913.594,0.044,0.999,-0.055,0.061,0.580,1.801,73.333,118.000,1.000
666808.188,599762.688,710799.562,710820.812,710476.938,324197.688,374277.219,420805.938,0.045,1.000,-0.055,0.031,0.702,1.862,73.333,119.000,1.000
664557.188,598009.312,710523.562,710544.938,710201.500,323742.500,373036.500,419753.875,0.043,0.999,-0.052,-0.092,0.824,1.740,73.333,120.000,1.000
662822.312,596634.062,710316.062,710338.125,709994.812,323575.031,372166.562,419033.719,0.043,0.998,-0.056,-0.275,0.885,1.770,73.333,121.000,1.000
661738.438,595794.375,710150.188,710172.562,709829.062,323662.219,371735.375,418481.188,0.041,0.995,-0.056,-0.427,1.038,1.709,73.333,122.000,1.000
660610.562,594974.062,709958.125,709979.875,709636.688,323649.625,371259.281,417749.844,0.043,0.990,-0.057,-0.366,1.160,1.709,73.333,123.000,1.000
658818.250,593650.562,709716.938,709738.125,709395.500,323308.688,370318.438,416747.031,0.042,0.988,-0.058,-0.336,1.221,1.709,73.333,124.000,1.000
656701.688,592037.312,709490.000,709512.000,709169.000,322895.719,369177.250,415797.094,0.045,0.987,-0.059,-0.244,1.312,1.648,73.333,125.000,1.000
655070.562,590769.438,709326.812,709348.938,709005.750,322754.031,368388.781,415163.188,0.043,0.988,-0.054,-0.092,1.343,1.617,73.333,126.000,1.000
654103.562,590052.750,709203.625,709225.625,708883.000,322869.719,368040.188,414699.969,0.046,0.987,-0.055,-0.031,1.556,1.678,73.333,127.000,1.000
653100.562,589362.125,709056.125,709077.625,708735.125,322890.531,367650.531,414059.281,0.046,0.990,-0.058,0.061,1.587,1.740,73.333,128.000,1.000
651422.688,588148.375,708856.938,708878.375,708536.312,322579.688,366794.469,413140.188,0.042,0.994,-0.057,0.000,1.740,1.740,73.333,129.000,1.000
649393.562,586616.938,708663.438,708684.812,708343.000,322174.031,365715.500,412248.344,0.038,0.994,-0.053,-0.031,1.709,1.770,73.333,130.000,1.000
647872.312,585451.062,708535.938,708557.188,708215.688,322057.188,365003.812,411692.594,0.033,0.995,-0.053,-0.122,1.648,1.648,73.333,131.000,1.000
647002.125,584821.375,708449.312,708470.375,708129.062,322194.062,364730.500,411309.750,0.028,0.995,-0.054,-0.183,1.617,1.465,73.333,132.000,1.000
646103.938,584227.125,708335.312,708356.562,708015.125,322238.500,364416.969,410747.219,0.024,0.997,-0.054,-0.244,1.465,1.282,73.333,133.000,1.000
644534.875,583113.750,708167.562,708189.062,707847.438,321951.062,363630.625,409897.750,0.023,0.998,-0.051,-0.336,1.312,1.038,73.333,134.000,1.000
642595.625,581670.188,708002.562,708023.875,707682.562,321561.406,362609.781,409066.969,0.021,1.000,-0.052,-0.488,1.099,0.885,73.333,135.000,1.000
641143.250,580571.750,707900.438,707921.562,707580.812,321449.312,361945.469,408563.438,0.024,1.000,-0.056,-0.641,0.793,0.732,73.333,136.000,1.000
640358.438,580023.312,707841.875,707862.812,707522.000,321603.250,361728.500,408238.625,0.025,1.003,-0.055,-0.885,0.519,0.519,73.333,137.000,1.000
639554.062,579512.438,707753.188,707774.000,707433.562,321665.031,361477.000,407735.906,0.030,1.002,-0.057,-1.068,0.275,0.336,73.333,138.000,1.000
638086.375,578490.625,707611.938,707632.688,707292.438,321397.531,360762.812,406955.625,0.033,1.001,-0.053,-1.160,0.092,0.214,73.333,139.000,1.000
636240.312,577129.688,707472.000,707493.000,707152.438,321016.312,359801.688,406185.125,0.037,1.002,-0.053,-1.282,0.031,0.183,73.333,140.000,1.000
634861.125,576098.688,707393.750,707415.688,707074.750,320909.375,359183.969,405732.906,0.038,1.003,-0.057,-1.373,0.031,0.244,73.333,141.000,1.000
634138.750,575604.500,707354.000,707375.062,707034.500,321065.562,359005.062,405458.062,0.042,1.000,-0.054,-1.465,0.061,0.244,73.333,142.000,1.000
633421.625,575169.250,707287.938,707309.188,706968.625,321148.375,358814.906,405023.562,0.046,1.000,-0.053,-1.495,0.183,0.397,73.333,143.000,1.000
632047.312,574229.938,707170.625,707191.688,706851.250,320905.719,358165.969,404309.812,0.046,1.001,-0.051,-1.526,0.336,0.519,73.333,144.000,1.000
630285.625,572946.875,707049.250,707070.125,706730.125,320548.344,357265.281,403599.031,0.044,0.999,-0.049,-1.617,0.519,0.519,73.333,145.000,1.000
628974.562,571976.625,706987.875,707008.688,706669.125,320457.875,356694.531,403198.500,0.043,0.998,-0.050,-1.617,0.610,0.641,73.333,146.000,1.000
628328.875,571548.688,706966.750,706988.188,706648.125,320631.781,356567.562,402979.250,0.041,0.999,-0.047,-1.587,0.763,0.793,73.333,147.000,1.000
627688.938,571175.500,706918.312,706939.750,706599.938,320728.875,356427.625,402593.906,0.041,0.996,-0.050,-1.556,0.824,0.885,73.333,148.000,1.000
626384.750,570290.688,706813.875,706835.125,706495.688,320495.250,355822.906,401916.469,0.041,0.997,-0.050,-1.587,0.885,0.977,73.333,149.000,1.000
624690.875,569061.500,706707.000,706728.562,706389.188,320145.750,354963.500,401240.938,0.038,0.999,-0.049,-1.648,0.916,1.099,73.333,150.000,1.000
623435.688,568137.125,706659.188,706680.312,706341.188,320056.781,354425.188,400873.812,0.038,1.000,-0.051,-1.709,0.916,1.099,73.333,151.000,1.000
622842.750,567748.938,706652.312,706673.562,706334.562,320237.406,354331.312,400688.031,0.036,0.997,-0.049,-1.740,1.068,1.007,73.333,152.000,1.000
622271.812,567429.562,706617.000,706637.938,706298.875,320346.281,354230.812,400338.344,0.039,0.998,-0.044,-1.770,1.007,1.068,73.333,153.000,1.000
621045.750,566609.312,706525.438,706546.188,706207.125,320123.562,353668.812,399699.531,0.039,0.997,-0.047,-1.831,1.007,1.068,73.333,154.000,1.000
619406.562,565423.250,706431.938,706452.562,706114.062,319781.312,352844.375,399056.625,0.040,0.996,-0.048,-1.862,1.099,1.038,73.333,155.000,1.000
618206.125,564543.875,706398.125,706418.875,706080.125,319699.594,352338.969,398722.875,0.041,0.996,-0.048,-1.801,1.221,1.099,73.333,156.000,1.000
617673.312,564206.000,706403.688,706425.062,706086.250,319886.656,352278.625,398576.594,0.042,0.995,-0.046,-1.831,1.312,0.977,73.333,157.000,1.000
617165.500,563938.812,706379.000,706400.250,706061.688,320004.406,352213.812,398267.156,0.044,0.995,-0.050,-1.801,1.373,0.977,73.333,158.000,1.000
616003.625,563171.875,706300.125,706321.062,705982.938,319796.969,351693.906,397666.688,0.042,0.993,-0.045,-1.770,1.526,1.007,73.333,159.000,1.000
614425.875,562040.250,706214.562,706235.250,705897.188,319459.469,350900.594,397053.188,0.045,0.993,-0.044,-1.678,1.740,0.977,73.333,160.000,1.000
613277.188,561203.938,706188.188,706208.750,705871.188,319379.531,350424.219,396747.500,0.044,0.991,-0.041,-1.556,1.831,0.946,73.333,161.000,1.000
612791.875,560901.688,706200.375,706221.375,705883.750,319567.812,350393.906,396630.219,0.045,0.989,-0.043,-1.495,1.984,0.977,73.333,162.000,1.000
612339.312,560676.188,706183.938,706205.125,705867.500,319688.625,350365.031,396349.656,0.044,0.990,-0.047,-1.373,2.136,1.038,73.333,163.000,1.000
611248.562,559967.812,706115.500,706136.250,705798.938,319496.938,349891.438,395786.906,0.046,0.990,-0.046,-1.251,2.228,1.129,73.333,164.000,1.000
609724.875,558879.312,706041.062,706061.938,705724.562,319170.406,349137.219,395207.750,0.046,0.990,-0.046,-1.282,2.472,1.190,73.333,165.000,1.000
608618.000,558079.125,706020.938,706041.750,705704.438,319094.781,348686.062,394927.000,0.047,0.991,-0.046,-1.190,2.625,1.190,73.333,166.000,1.000
608172.250,557812.562,706040.938,706061.062,705724.250,319290.469,348684.375,394835.094,0.046,0.993,-0.046,-1.129,2.777,1.221,73.333,167.000,1.000
607784.188,557644.375,706034.688,706054.562,705717.812,319427.812,348694.469,394588.781,0.045,0.994,-0.044,-1.129,2.747,1.221,73.333,168.000,1.000
606741.500,556975.812,705972.000,705992.062,705655.125,319238.531,348248.594,394048.844,0.043,0.994,-0.045,-1.160,2.869,1.282,73.333,169.000,1.000
605257.312,555921.062,705904.000,705924.062,705587.188,318910.938,347517.250,393490.312,0.044,0.995,-0.044,-1.038,2.930,1.343,73.333,170.000,1.000
604183.125,555150.688,705886.562,705907.312,705569.938,318830.562,347080.688,393230.250,0.046,0.995,-0.045,-1.007,3.052,1.343,73.333,171.000,1.000
603789.750,554925.000,705911.312,705931.625,705594.438,319032.094,347098.469,393169.781,0.045,0.995,-0.041,-1.038,3.082,1.465,73.333,172.000,1.000
603450.750,554788.375,705913.625,705933.562,705596.688,319182.375,347136.375,392957.531,0.043,0.995,-0.044,-0.977,3.204,1.465,73.333,173.000,1.000
602465.562,554162.250,705856.250,705876.875,705539.812,319005.094,346722.250,392446.844,0.042,0.995,-0.046,-0.977,3.204,1.465,73.333,174.000,1.000
601027.688,553142.250,705790.250,705810.750,705474.125,318675.812,346004.656,391899.688,0.042,0.998,-0.044,-0.885,3.235,1.465,73.333,175.000,1.000
599981.125,552389.312,705777.188,705797.375,705460.938,318591.781,345579.250,391650.781,0.041,0.998,-0.046,-0.885,3.204,1.495,73.333,176.000,1.000
599619.375,552186.312,705807.875,705828.312,705491.750,318796.156,345619.219,391613.219,0.043,0.997,-0.044,-0.793,3.235,1.556,73.333,177.000,1.000
599323.062,552081.750,705813.062,705833.062,705496.750,318951.375,345681.812,391424.562,0.041,0.998,-0.042,-0.793,3.265,1.495,73.333,178.000,1.000
598393.062,551499.750,705763.875,705783.625,705447.438,318783.375,345300.594,390942.750,0.042,1.000,-0.041,-0.793,3.174,1.495,73.333,179.000,1.000
596995.812,550512.562,705702.812,705722.688,705386.312,318464.625,344613.219,390420.438,0.041,0.999,-0.044,-0.977,3.265,1.587,73.333,180.000,1.000
595985.688,549790.250,705696.312,705716.312,705379.500,318384.625,344210.344,390193.781,0.041,1.001,-0.043,-1.007,3.265,1.587,73.333,181.000,1.000
595652.812,549608.062,705729.875,705750.188,705413.875,318584.875,344265.156,390171.438,0.040,1.002,-0.047,-0.977,3.265,1.526,73.333,182.000,1.000
595395.062,549534.312,705740.625,705760.938,705424.812,318741.969,344351.250,390005.688,0.040,1.003,-0.043,-1.099,3.204,1.587,73.333,183.000,1.000
594515.812,548993.125,705693.688,705713.812,705377.625,318581.406,343996.406,389546.500,0.041,1.003,-0.043,-1.099,3.204,1.587,73.333,184.000,1.000
593158.125,548039.562,705635.688,705655.812,705320.000,318261.938,343326.656,389039.000,0.040,1.005,-0.045,-1.251,3.143,1.495,73.333,185.000,1.000
592173.625,547335.250,705630.938,705650.938,705315.688,318179.969,342934.062,388824.000,0.041,1.004,-0.044,-1.434,3.021,1.587,73.333,186.000,1.000
591873.062,547178.750,705670.438,705690.125,705354.500,318385.688,343005.406,388825.406,0.036,1.006,-0.039,-1.495,2.991,1.648,73.333,187.000,1.000
591654.188,547132.312,705680.750,705700.562,705365.125,318545.812,343107.875,388674.594,0.037,1.002,-0.041,-1.801,2.960,1.648,73.333,188.000,1.000
590802.938,546606.562,705634.438,705654.375,705319.000,318386.125,342765.188,388222.094,0.036,1.000,-0.040,-1.953,2.808,1.617,73.333,189.000,1.000
589478.812,545675.938,705580.125,705600.062,705264.438,318073.375,342113.656,387733.406,0.040,0.997,-0.043,-2.106,2.747,1.617,73.333,190.000,1.000
588526.125,544998.250,705578.000,705597.688,705262.500,317995.438,341737.438,387540.188,0.047,0.995,-0.046,-2.197,2.594,1.709,73.333,191.000,1.000
588253.250,544863.500,705619.750,705639.500,705304.250,318198.031,341818.812,387556.188,0.048,0.993,-0.047,-2.228,2.716,1.770,73.333,192.000,1.000
588085.250,544856.938,705639.625,705658.812,705323.750,318371.031,341950.688,387436.562,0.050,0.994,-0.050,-2.167,2.869,2.014,73.333,193.000,1.000
587285.688,544372.812,705596.125,705615.750,705280.812,318221.000,341638.031,387011.875,0.050,0.997,-0.044,-2.167,2.960,2.106,73.333,194.000,1.000
585998.750,543473.188,705541.250,705560.812,705225.625,317903.688,341003.594,386535.531,0.052,1.000,-0.043,-2.167,3.143,2.411,73.333,195.000,1.000
585051.562,542799.875,705540.062,705559.375,705224.688,317817.156,340629.156,386346.531,0.055,1.002,-0.042,-2.289,3.387,2.594,73.333,196.000,1.000
584795.750,542674.250,705581.562,705601.062,705266.250,318020.906,340718.281,386373.250,0.051,1.002,-0.040,-2.411,3.571,2.747,73.333,197.000,1.000
584662.938,542693.500,705601.750,705621.438,705286.438,318199.531,340863.750,386265.781,0.047,1.003,-0.038,-2.563,3.632,2.747,73.333,198.000,1.000
583903.500,542238.062,705560.312,705580.438,705245.500,318055.500,340569.625,385850.219,0.038,1.001,-0.038,-2.838,3.632,2.838,73.333,199.000,1.000
582641.688,541354.062,705505.500,705525.062,705190.625,317740.344,339948.594,385380.656,0.034,1.000,-0.037,-2.930,3.540,2.777,73.333,200.000,1.000
581721.250,540698.562,705506.750,705526.250,705191.875,317655.938,339591.781,385204.438,0.032,1.000,-0.039,-3.052,3.387,2.655,73.333,201.000,1.000
581502.000,540603.438,705553.312,705573.000,705238.688,317868.094,339702.375,385253.781,0.033,0.999,-0.040,-3.235,3.204,2.472,73.333,202.000,1.000
581395.125,540641.688,705570.750,705590.312,705255.875,318039.844,339852.375,385155.812,0.038,0.997,-0.040,-3.265,3.082,2.319,73.333,203.000,1.000
580669.500,540212.750,705533.188,705552.438,705218.312,317897.969,339572.469,384758.375,0.042,0.999,-0.042,-3.418,3.021,2.136,73.333,204.000,1.000
579437.000,539353.062,705482.312,705501.188,705167.500,317592.188,338967.531,384306.781,0.045,1.000,-0.040,-3.540,3.052,2.197,73.333,205.000,1.000
578545.625,538722.812,705484.188,705503.000,705169.500,317505.469,338617.156,384142.719,0.048,1.000,-0.042,-3.693,3.113,2.167,73.333,206.000,1.000
578332.438,538626.625,705526.938,705546.188,705212.125,317706.000,338722.656,384193.062,0.048,0.998,-0.040,-3.815,3.143,2.106,73.333,207.000,1.000
578265.562,538694.875,705552.312,705571.562,705237.188,317901.375,338907.969,384130.219,0.052,0.998,-0.039,-3.906,3.387,2.136,73.333,208.000,1.000
577597.250,538312.375,705520.312,705539.188,705205.062,317780.844,338664.156,383763.906,0.057,0.999,-0.040,-3.967,3.754,2.075,73.333,209.000,1.000
576396.625,537477.250,705471.000,705489.562,705155.938,317472.219,338072.281,383325.656,0.060,0.998,-0.040,-4.089,4.120,2.014,73.333,210.000,1.000
575523.500,536855.750,705475.062,705493.625,705159.750,317387.094,337730.031,383176.156,0.068,0.999,-0.044,-4.150,4.547,1.953,73.333,211.000,1.000
575324.812,536767.000,705519.625,705538.750,705204.625,317589.250,337842.969,383240.531,0.074,1.000,-0.043,-4.242,5.096,1.984,73.333,212.000,1.000
575297.562,536862.812,705544.812,705563.812,705229.750,317781.031,338041.000,383189.906,0.081,1.002,-0.041,-4.456,5.798,1.953,73.333,213.000,1.000
574657.750,536499.312,705513.250,705532.062,705198.125,317657.281,337811.750,382831.844,0.086,1.004,-0.042,-4.578,6.622,1.862,73.333,214.000,1.000
573475.062,535677.125,705460.625,705479.375,705145.625,317344.906,337229.719,382393.938,0.091,1.006,-0.042,-4.822,7.629,1.953,73.333,215.000,1.000
572607.312,535058.250,705460.312,705478.750,705145.562,317246.812,336884.344,382234.781,0.092,1.007,-0.042,-5.157,8.636,1.923,73.333,216.000,1.000
572444.312,535000.188,705508.500,705527.062,705193.438,317456.125,337016.500,382316.156,0.094,1.007,-0.038,-5.402,9.735,1.862,73.333,217.000,1.000
572445.125,535116.812,705538.688,705557.250,705223.562,317660.156,337237.312,382285.031,0.094,1.004,-0.040,-5.676,10.925,1.892,73.333,218.000,1.000
571835.438,534776.750,705507.375,705525.812,705192.312,317543.125,337027.938,381940.188,0.096,1.001,-0.040,-5.981,12.146,1.862,73.333,219.000,1.000
570700.750,533993.938,705460.500,705479.125,705146.250,317241.812,336471.562,381525.438,0.095,1.002,-0.040,-6.104,13.397,1.617,73.333,220.000,1.000
569837.625,533373.375,705458.562,705477.562,705144.438,317138.531,336125.906,381368.688,0.091,1.003,-0.040,-6.165,14.526,1.709,73.333,221.000,1.000
569666.500,533299.625,705502.812,705521.375,705188.125,317333.375,336246.156,381439.969,0.086,0.999,-0.041,-6.287,15.594,1.556,73.333,222.000,1.000
569687.250,533425.562,705531.625,705549.812,705216.812,317539.000,336469.406,381412.156,0.083,0.999,-0.039,-6.348,16.541,1.404,73.333,223.000,1.000
569111.938,533105.500,705501.375,705519.250,705186.750,317430.000,336272.625,381077.156,0.078,0.996,-0.041,-6.439,17.548,1.251,73.333,224.000,1.000
567986.750,532320.938,705453.625,705471.625,705139.375,317127.281,335719.281,380660.500,0.075,0.994,-0.040,-6.409,18.372,1.099,73.333,225.000,1.000
567132.438,531705.625,705452.750,705471.000,705138.375,317024.656,335379.438,380508.781,0.073,0.994,-0.036,-6.378,19.104,0.854,73.333,226.000,1.000
566992.438,531655.750,705498.688,705516.812,705184.062,317227.500,335513.750,380596.500,0.070,0.992,-0.033,-6.470,19.775,0.549,73.333,227.000,1.000
567037.438,531798.188,705530.000,705548.062,705215.812,317434.469,335740.281,380578.062,0.064,0.992,-0.034,-6.531,20.538,0.397,73.333,228.000,1.000
566492.375,531500.000,705501.375,705519.000,705186.750,317330.500,335552.719,380254.406,0.060,0.989,-0.032,-6.409,21.240,0.092,73.333,229.000,1.000
565382.188,530728.500,705453.812,705471.438,705139.000,317031.250,335007.594,379843.969,0.054,0.992,-0.030,-6.348,21.667,-0.183,73.333,230.000,1.000
564541.500,530128.750,705455.312,705473.125,705141.250,316928.875,334674.281,379702.594,0.045,0.992,-0.028,-6.378,22.064,-0.458,73.333,231.000,1.000
564401.000,530078.812,705501.375,705519.250,705187.562,317126.125,334806.000,379795.312,0.039,0.995,-0.025,-6.287,22.339,-0.793,73.333,232.000,1.000
564459.062,530228.125,705530.438,705547.875,705216.188,317327.656,335036.469,379781.469,0.036,0.996,-0.024,-6.500,22.491,-1.099,73.333,233.000,1.000
563948.062,529951.688,705502.562,705520.125,705188.125,317231.438,334868.125,379470.594,0.030,0.997,-0.028,-6.531,22.583,-1.434,73.333,234.000,1.000
562850.938,529189.188,705453.125,705470.375,705138.625,316925.031,334322.469,379056.531,0.028,1.000,-0.029,-6.500,22.614,-1.923,73.333,235.000,1.000
562023.000,528599.000,705453.125,705470.438,705139.000,316821.781,333993.000,378918.312,0.027,1.002,-0.022,-6.531,22.614,-2.167,73.333,236.000,1.000
561889.688,528552.812,705498.250,705515.688,705184.000,317018.281,334129.812,379017.562,0.027,1.006,-0.019,-6.683,22.675,-2.411,73.333,237.000,1.000
561977.062,528720.625,705529.875,705547.062,705215.375,317224.031,334376.938,379019.250,0.028,1.007,-0.020,-6.744,22.614,-2.594,73.333,238.000,1.000
561495.438,528465.688,705504.062,705521.312,705189.875,317129.594,334218.312,378718.688,0.027,1.010,-0.021,-6.958,22.583,-2.686,73.333,239.000,1.000
560422.438,527719.188,705453.625,705471.250,705139.750,316824.375,333683.406,378313.844,0.027,1.009,-0.020,-7.294,22.583,-2.716,73.333,240.000,1.000
559609.375,527135.625,705454.625,705472.062,705140.500,316719.406,333361.625,378183.219,0.024,1.009,-0.015,-7.477,22.400,-2.777,73.333,241.000,1.000
559481.250,527085.250,705500.375,705517.938,705186.562,316910.188,333495.281,378285.938,0.025,1.007,-0.016,-7.507,22.308,-2.716,73.333,242.000,1.000
559587.500,527258.812,705532.125,705549.562,705218.688,317117.188,333746.344,378295.156,0.024,1.004,-0.018,-7.629,22.217,-2.655,73.333,243.000,1.000
559124.875,527014.125,705505.938,705522.812,705192.125,317020.812,333594.531,377997.438,0.021,1.003,-0.011,-7.721,22.003,-2.655,73.333,244.000,1.000
558079.375,526286.750,705456.562,705473.688,705143.125,316722.281,333075.250,377600.188,0.021,1.001,-0.008,-7.751,21.912,-2.563,73.333,245.000,1.000
557269.062,525703.562,705455.688,705472.562,705141.750,316619.281,332757.406,377473.250,0.019,1.001,-0.008,-7.782,21.667,-2.350,73.333,246.000,1.000
557156.750,525665.500,705502.625,705519.500,705188.562,316813.469,332900.281,377585.625,0.019,0.997,-0.008,-7.965,21.423,-2.106,73.333,247.000,1.000
557286.875,525853.938,705537.438,705554.562,705223.562,317025.906,333159.469,377604.406,0.016,0.992,-0.007,-7.996,21.088,-1.862,73.333,248.000,1.000
556851.375,525622.500,705509.750,705526.875,705196.500,316931.938,333016.406,377312.500,0.015,0.991,-0.007,-7.935,20.752,-1.648,73.333,249.000,1.000
555829.688,524911.312,705460.938,705477.875,705147.875,316637.875,332505.562,376924.812,0.013,0.990,-0.009,-7.874,20.508,-1.404,73.333,250.000,1.000
555023.000,524335.125,705459.562,705476.000,705146.000,316527.000,332182.625,376796.875,0.012,0.987,-0.010,-7.690,20.172,-1.129,73.333,251.000,1.000
554916.500,524297.188,705505.750,705522.188,705191.750,316711.094,332319.219,376909.531,0.009,0.984,-0.006,-7.507,19.806,-0.916,73.333,252.000,1.000
555051.000,524484.500,705537.750,705554.375,705224.062,316916.281,332572.875,376927.062,0.006,0.980,-0.001,-7.385,19.348,-0.732,73.333,253.000,1.000
554649.562,524282.188,705514.312,705531.500,705200.625,316841.000,332449.500,376652.938,0.004,0.979,-0.001,-7.172,18.768,-0.397,73.333,254.000,1.000
553647.562,523588.938,705468.375,705484.938,705154.500,316554.000,331950.344,376274.188,0.002,0.976,-0.004,-6.805,18.280,-0.092,73.333,255.000,1.000
552846.750,523013.406,705465.812,705482.062,705151.875,316436.156,331625.438,376145.281,0.005,0.971,-0.005,-6.531,17.731,0.122,73.333,256.000,1.000
552745.000,522974.531,705511.938,705528.562,705198.312,316617.469,331757.844,376258.375,0.006,0.971,-0.004,-6.042,17.090,0.397,73.333,257.000,1.000
552907.875,523180.250,705547.062,705563.688,705233.875,316834.031,332025.875,376293.594,0.005,0.970,-0.005,-5.646,16.571,0.702,73.333,258.000,1.000
552533.875,522995.625,705525.312,705541.688,705211.938,316758.938,331913.062,376029.219,0.008,0.973,-0.003,-5.249,16.083,1.099,73.333,259.000,1.000
551531.000,522302.188,705478.125,705493.875,705164.312,316460.031,331408.875,375644.250,0.009,0.974,-0.001,-4.913,15.472,1.526,73.333,260.000,1.000
550724.188,521723.719,705473.375,705489.375,705159.938,316337.000,331083.719,375516.562,0.012,0.976,0.000,-4.578,14.923,1.862,73.333,261.000,1.000
550603.750,521676.500,705517.562,705533.812,705203.938,316513.062,331208.625,375631.094,0.014,0.976,-0.001,-4.150,14.313,2.289,73.333,262.000,1.000
550760.688,521878.469,705549.812,705566.000,705236.312,316722.531,331466.812,375659.000,0.017,0.976,-0.005,-3.784,13.855,2.716,73.333,263.000,1.000
550391.250,521690.719,705524.875,705540.812,705211.312,316641.812,331347.906,375384.500,0.020,0.978,-0.003,-3.448,13.428,3.143,73.333,264.000,1.000
549419.125,521018.219,705476.438,705492.438,705163.000,316353.812,330858.688,375010.531,0.022,0.980,-0.003,-3.143,13.031,3.571,73.333,265.000,1.000
548648.438,520468.812,705476.875,705493.125,705163.625,316247.688,330553.156,374902.781,0.027,0.983,-0.006,-2.930,12.543,4.089,73.333,266.000,1.000
548576.562,520453.500,705526.750,705542.500,705213.062,316438.938,330702.750,375040.125,0.026,0.984,-0.005,-2.686,12.207,4.639,73.333,267.000,1.000
548791.250,520694.281,705565.375,705580.750,705252.188,316664.875,330991.719,375098.156,0.029,0.985,-0.004,-2.441,11.841,5.005,73.333,268.000,1.000
548452.562,520528.438,705541.875,705557.438,705228.750,316587.250,330887.094,374834.656,0.031,0.987,-0.005,-2.197,11.475,5.371,73.333,269.000,1.000
547482.250,519853.781,705489.125,705504.625,705176.000,316284.812,330390.625,374450.656,0.032,0.989,-0.005,-1.923,11.169,5.798,73.333,270.000,1.000
546695.438,519289.344,705484.688,705500.062,705171.375,316160.625,330066.719,374325.125,0.032,0.993,-0.002,-1.831,10.956,6.104,73.333,271.000,1.000
546613.375,519264.938,705528.562,705543.875,705215.188,316338.188,330203.781,374450.844,0.033,0.995,0.001,-1.770,10.620,6.500,73.333,272.000,1.000
546835.250,519507.688,705566.562,705581.812,705253.250,316565.281,330492.812,374510.750,0.034,0.995,-0.001,-1.801,10.406,6.714,73.333,273.000,1.000
546539.938,519374.375,705548.562,705563.812,705235.375,316512.062,330416.906,374273.812,0.034,0.996,-0.005,-1.831,10.162,7.019,73.333,274.000,1.000
545596.125,518717.688,705498.500,705513.438,705185.125,316221.219,329937.594,373899.375,0.035,0.997,-0.002,-1.923,9.827,7.233,73.333,275.000,1.000
544812.875,518150.844,705494.500,705509.250,705180.750,316094.531,329615.469,373773.406,0.036,0.999,-0.000,-2.014,9.552,7.355,73.333,276.000,1.000
544739.312,518130.438,705541.625,705556.625,705228.500,316275.312,329761.469,373912.531,0.035,0.998,-0.003,-2.075,9.491,7.446,73.333,277.000,1.000
544963.625,518371.219,705576.000,705591.062,705263.125,316493.469,330052.500,373970.906,0.033,1.000,-0.002,-2.014,9.186,7.446,73.333,278.000,1.000
544683.312,518244.094,705553.750,705568.500,705240.125,316431.688,329977.844,373728.594,0.032,1.000,-0.002,-2.014,8.911,7.416,73.333,279.000,1.000
543751.562,517598.562,705504.875,705519.875,705191.688,316138.719,329501.750,373354.438,0.031,0.999,-0.001,-2.167,8.606,7.324,73.333,280.000,1.000
542970.312,517038.438,705500.375,705514.938,705187.375,316008.875,329181.562,373229.719,0.030,0.997,0.000,-2.319,8.331,7.263,73.333,281.000,1.000
542892.875,517016.625,705546.625,705561.125,705233.438,316185.656,329321.500,373367.656,0.031,0.997,-0.002,-2.502,8.087,7.080,73.333,282.000,1.000
543128.188,517263.469,705582.375,705596.938,705269.438,316403.625,329608.688,373429.719,0.032,1.000,0.000,-2.502,7.843,6.866,73.333,283.000,1.000
